Outreach Channel,Lead Priority,Business Name,Category,Town,Postcode,Mobile (WhatsApp),WhatsApp Link,Landline,Email,Other Emails,Website,Data Confidence,Notes,Record ID
WhatsApp,High,"420 Vape Shop (Town Street, Stanningley)",Vape Shop,Pudsey,LS28 6ES,07551 009824,https://wa.me/447551009824,,,,https://420vapeshop.co.uk/,Medium,"One of 3 stores of the 420 Vape Shop chain (see Tong Street record for company-level notes). Hours: Mon-Fri 10:00-18:30, Sat 10:30-17:00, Sun closed. Store details published on the brand's own contact",WY-0004
WhatsApp,High,KPM Vapes,Vape Shop,Huddersfield,HD5 9AB,07463 530406,https://wa.me/447463530406,,kpmvapes@outlook.com,,,Medium,"Second branch at 289 Tong Street, Bradford BD4 9QS (outside Kirklees). Email seen in Yellowtom directory listing, not on an owned page, so marked Unverified. Alternative phone 07774 002629 also listed",WY-0015
WhatsApp,High,The Vape Centre (Wetherby),Vape Shop,Wetherby,LS22 6NE,07388 892397,https://wa.me/447388892397,,,,http://www.thevapecentre.co.uk/,Medium,"Second branch at 2 Gillygate, York (The Vape Centre York/Wetherby). Legal name 'Vape Centre Wetherby Ltd' per Cylex listing title - not yet verified at Companies House (CH site blocked by network prox",WY-0031
WhatsApp,Medium,Emporium Vapez,Vape Shop,Dewsbury,WF13 1PU,07375 706970,https://wa.me/447375706970,,,,,Medium,,WY-0083
WhatsApp,Medium,Liquid Mafia The King of Vapes,Vape Shop,Dewsbury,WF13 3ET,07512 340800,https://wa.me/447512340800,,,,,Medium,Open 10:30-22:00 daily. Instagram bio lists an alternative mobile 07746 183134.,WY-0110
WhatsApp,Medium,Sup Mirfield,Convenience Store,Mirfield,,07387 294049,https://wa.me/447387294049,,,,,Low,Address and mobile number taken from the store's own Facebook page details shown in search results; postcode not published.,WY-0157
WhatsApp,Medium,The Shisha Shop Bradford,Smoke / Shisha Shop,Bradford,BD1 5DY,07466 392838,https://wa.me/447466392838,,,,,Medium,Retails AND wholesales shisha products - potential trade buyer. Phone is a WhatsApp number taken from its Instagram profile as summarised in search results.,WY-0160
WhatsApp,Medium,Vape Nation UK,Vape Shop,Huddersfield,HD1 2AZ,07809 655738,https://wa.me/447809655738,,,,https://vapenationeshop.co.uk/,Medium,Town-centre store at the arcade entrance on New Street. Own e-shop site vapenationeshop.co.uk found in search results but could not be fetched (proxy blocked).,WY-0174
WhatsApp,Medium,Wigton Cash & Carry (Wigton Distribution),Cash & Carry,Leeds,LS11 5TH,07833 840327,https://wa.me/447833840327,,,,http://wigtonfoodservice.co.uk/,Medium,"Dessert and food wholesaler delivering nationwide; phone numbers from social listings (07833 840327 / 07766 345166), not yet verified against official site. CH number seen in CH search result; CH site",WY-0189
Email,High,1865 Cigars (Huddersfield),Tobacco Specialist,Huddersfield,HD1 2PY,,,01484 530457,sales@1865cigars.com,sales@1865cigars.com,https://1865cigars.com/,Medium,"Yorkshire/North West cigar retail group with location pages for Sheffield, Manchester, Pudsey, Rotherham, Oldham and Halifax as well as Huddersfield; location count approximate from site location page",WY-0001
Email,High,Best Choice Wholesale,Cash & Carry,Leeds,LS7 1AD,,,0113 531 6345,info@bestchoicewholesale.co.uk,,https://www.bestchoicewholesale.co.uk/,Medium,"Supplies convenience retailers, corner shops, off-licences, pharmacies and market traders. Contact details as published on their own contact-us page (surfaced via search results; direct fetch blocked ",WY-0063
Email,High,Martinez Wines,Off-Licence,Ilkley,LS29 9NJ,,,01943 600000,shop@martinez.co.uk,,https://martinez.co.uk/,Medium,Long-established independent wine merchant in Ilkley; listed in the Harpers directory as 'Martinez Fine Wines'. Phone and email as summarised from its own contact page (martinez.co.uk/shop-services/co,WY-0118
Email,High,Ryans The Tobacconist,Tobacco Specialist,Leeds,LS1 6PU,,,0113 242 2585,Ryans.2000@outlook.com,,https://www.ryanstobacconist.co.uk/,Medium,"Described as the sole traditional and modern tobacconist in Leeds, trading for more than 40 years. Email as published on their contact page (surfaced in search results).",WY-0139
Email,High,SMKD,Vape Shop,Hebden Bridge,,,,01274 270303,info@smkd.com,,https://smkd.com/vape-shop-locator/smkd-hebden-bridge-vape-shop-west-end/,Low,"West Yorkshire vape chain headquartered in Bradford; store described as at the west end of Hebden Bridge between the bridge and the crossroads, offering free same-day delivery locally. Central phone/e",WY-0023
Email,High,SMKD,Vape Shop,Bradford,BD4 8BX,,,01274 270303,info@smkd.com,,https://smkd.com/,Medium,"IMPORTANT: the former SMKD retail chain (operated by Smokers Delight Ltd, with stores in Leeds Central Arcade, Huddersfield 7 High Street HD1 2LT, Wakefield Ridings Centre, Bradford John Street, Shipl",WY-0140
Email,High,SMKD - E Cigarettes and Vape Shop (Wakefield),Vape Shop,Wakefield,WF1 1DS,,,01924 728100,info@smkd.com,,https://smkd.com,Medium,Bradford-headquartered regional vape chain. Former SMKD stores at Carlton Lanes Castleford (WF10 1AD) and 4 Horse Fair Pontefract (WF8 1PD) are reported CLOSED; Wakefield Ridings store remains on the ,WY-0024
Email,High,TB Cash & Carry (Bradford),Cash & Carry,Bradford,BD7 1NH,,,01274 740555,info@tbcashandcarry.co.uk,,https://tbcashandcarry.co.uk/,Medium,"Bradford branch of TB Cash & Carry (2 sites; see Leeds record). Secondary phone 01274 741330. An older directory entry (Gazette directory) lists 30 Summerville Road, Bradford - Yell and TouchBradford ",WY-0029
Email,High,TB Cash & Carry (Leeds),Cash & Carry,Leeds,LS12 6HD,,,0113 245 1454,info@tbcashandcarry.co.uk,,https://tbcashandcarry.co.uk/,Medium,Established 1985; independent cash & carry with stores in Leeds and Bradford. Email info@tbcashandcarry.co.uk appears in the Dun & Bradstreet company profile and business directories (matches own doma,WY-0030
Email,High,Thali Outlet,Cash & Carry,Leeds,LS7 2JD,,,0113 394 8000,sales@thalioutlet.com,sales@thalioutlet.com,https://www.thalioutlet.com/,Medium,Trade counter with showroom and free parking. Company number from Kompass listing (GB08555459) - not verified directly at Companies House (site blocked by proxy).,WY-0158
Email,High,Vaparama (Pontefract),Vape Shop,Pontefract,WF8 1AG,,,01977 277170,shop@vaparama.co.uk,,https://www.vaparama.co.uk,Medium,"Established 2014. Yorkshire multi-store chain: Pontefract (HQ/registered office), Wakefield, Featherstone, plus Leeds, Doncaster, Sheffield, Halifax. This is the flagship/registered-office store.",WY-0037
Email,High,Vaperites,Vape Shop,Pontefract,WF8 1PE,,,01977 278484,vaperite@gmail.com,,https://vaperites.co.uk,Medium,Postcode WF8 1PE confirmed from the shop's own Facebook opening-times post. Directly opposite Pontefract bus station area (Horse Fair).,WY-0180
Email,Medium,Barry's Cash & Carry,Cash & Carry,Halifax,HX1 3LN,,,01422 646060,info@cutpricebarrys.co.uk,,http://www.cutpricebarrys.co.uk/,Medium,SIC 46900 non-specialised wholesale trade. CAUTION: Companies House shows 'Active proposal to strike off' and overdue accounts - check current trading/legal status before outreach. Email taken from a ,WY-0059
Email,Medium,Javid Supermarket,Independent Supermarket,Huddersfield,HD1 6EQ,,,01484 517411,contact@javidsupermarket.co.uk,,https://www.javidsupermarket.co.uk/,Medium,"Address and phone cross-checked across Yelp, Britainfirm and own-site contact page surfaced in search results.",WY-0100
Phone (landline),High,"420 Vape Shop (Leeds Road, Shipley)",Vape Shop,Shipley,BD18 1EA,,,01274 011507,,,https://420vapeshop.co.uk/,Medium,"One of 3 stores of the 420 Vape Shop chain (see Tong Street record for company-level notes). Hours: Mon-Fri 08:00-19:00, Sat 09:00-17:00, Sun closed. Store details published on the brand's own contact",WY-0002
Phone (landline),High,"420 Vape Shop (Tong Street, Bradford)",Vape Shop,Bradford,BD4 6HD,,,01274 962277,,,https://420vapeshop.co.uk/,Medium,"3-store West Yorkshire vape chain (2x Bradford, 1x Pudsey/Leeds). Award-winning store per directory listing. A related entity '420 VAPE WHOLESALE LTD' (Companies House no. 14931262, 100 Rock Hill Lane",WY-0003
Phone (landline),High,Ecig N Vape South Elmsall,Vape Shop,South Elmsall,WF9 2RJ,,,01977 647267,,,,Medium,Facebook posts announce a second 'Woodlands' shop at 256 Great North Road (Woodlands is over the Doncaster border - outside this batch's district). Companies House number found via search; full CH rec,WY-0013
Phone (landline),High,Manchester Superstore Bradford,Independent Supermarket,Bradford,BD3 8EX,,,01274 668800,,,https://manchestersuperstores.co.uk/store-locations/manchester-super-stores-in-bradford/,Medium,"Bradford branch of the Manchester Super Stores group (multi-site, has store-locations page on its own website).",WY-0018
Phone (landline),High,Sing Kee Foods (Sheepscar),Independent Supermarket,Leeds,LS7 1BA,,,0113 898 0168,,,https://singkeefoods.co.uk/gb/,Medium,"Main Sheepscar site of Sing Kee Foods, part of the Sing-Ying Group. Companies House number seen in CH search result URL; CH site blocked by proxy so status/registered office not captured.",WY-0026
Phone (landline),High,WOW Vape (Castleford),Vape Shop,Castleford,,,,01977 516062,,,https://wow-vape.co.uk,Medium,Yelp shows an older WOW Vape listing at 42 Carlton St marked CLOSED and a current listing at 45 Carlton Street; the 45 Carlton Street listing and active Facebook/Instagram pages suggest the shop reloc,WY-0039
Phone (landline),High,We Are Vapes,Vape Shop,Bradford,,,,01274 634327,,,https://www.wearevapes.com/,Medium,Wibsey branch of the 3-store We Are Vapes group. Phone listed against this branch in directory results.,WY-0042
Phone (landline),Medium,Azeem's Vape Shop,Vape Shop,Keighley,BD21 3LU,,,01535 213920,,,https://azeemsvapeshop.co.uk/,Medium,"Open 7 days 10am-10pm, 100+ e-liquid flavours. CAUTION: Companies House shows Azeems Vape Shop Ltd (13574720) dissolved 7 July 2026 per search snippet - shop may continue trading under a different ent",WY-0053
Phone (landline),Medium,BGC Wholesale,Cash & Carry,Bradford,BD4 6SE,,,01274 651059,,,https://bgcwholesale.com/locations/bradford,Medium,Supplies independent retailers with cards/gifts at competitive prices. Recent listings show a rebrand to 'Tiger Feet Limited (previously BGC Wholesale)' - confirm current trading name. Linked historic,WY-0055
Phone (landline),Medium,Beer Ritz,Off-Licence,Leeds,LS16 5LX,,,0113 275 3464,,,https://www.beerritz.co.uk/,Medium,Well-known specialist beer shop in Far Headingley with online store; open 12:00-21:00 daily.,WY-0061
Phone (landline),Medium,Big D Vapes,Vape Shop,Slaithwaite,HD7 5LU,,,01484 843253,,,,Medium,"Serves Colne Valley villages (Slaithwaite, Marsden, Linthwaite, Meltham) per its Facebook posts. A Tripadvisor listing also shows a Big D Vapes in Holmfirth; not separately confirmed so only the Slait",WY-0064
Phone (landline),Medium,Bingley Vape Shop,Vape Shop,Bingley,BD16 2JA,,,01535 213290,,,,Medium,Registered office matches the shop address (per Companies House search snippet). Phone taken from search-result summary of its Facebook/directory listing - confirm before use.,WY-0065
Phone (landline),Medium,Cheapasmokes,Tobacco Specialist,Halifax,HX1 1DZ,,,01422 355554,,,https://www.cheapasmokes.com/pages/cheapasmokes-halifax,Medium,Physical shop inside Halifax Borough Market; part of the Cheapasmokes group which runs several shops plus a national online tobacconist (cheapasmokes.com).,WY-0011
Phone (landline),Medium,Ecig N Vape,Vape Shop,Heckmondwike,WF16 0EU,,,01924 402342,,,,Medium,,WY-0082
Phone (landline),Medium,FilFoods Filipino Store,Independent Supermarket,Leeds,LS8 5PB,,,0113 440 1031,,,,Medium,"Only Filipino store in Yorkshire; 1,800+ product lines in-store and online; agent for LCC Smallworld money transfer; offers scheduled home delivery.",WY-0084
Phone (landline),Medium,GT News (White Rose Shopping Centre),Newsagent,Leeds,,,,0113 228 6446,,,http://www.gtnews.co.uk/,Medium,Operates at least two units in the White Rose Shopping Centre (28E Lower Level and U102 Upper Level); multi-site newsagent operator.,WY-0014
Phone (landline),Medium,Kasa Beeston Convenience Store,Convenience Store,Leeds,LS11 7DJ,,,0113 277 5757,,,https://kasabeeston.com/,Medium,"Open 24/7; cash machine, halal deli counter, delivery offered.",WY-0102
Phone (landline),Medium,Latitude Wine & Liquor Merchant,Off-Licence,Leeds,LS2 7EB,,,0113 245 3393,,,https://latitudewine.co.uk/,Medium,Independent city-centre wine and spirits merchant; Mon-Sat 10:00-19:00.,WY-0108
Phone (landline),Medium,Londis Normanton (313 Castleford Road),Convenience Store,Normanton,WF6 2HL,,,01924 892113,,,https://www.londis.co.uk/our-stores/londis-normanton,Medium,"Independently owned symbol-group store. NOTE: a second Londis store page exists for Castleford Road, Normanton WF6 2DW (separate record) - both appear on the Londis official store finder with differen",WY-0113
Phone (landline),Medium,"Londis Normanton (Castleford Road, WF6 2DW)",Convenience Store,Normanton,WF6 2DW,,,01924 890438,,,https://www.londis.co.uk/our-stores/normanton,Medium,Independently owned symbol-group store. Listed on the Londis official store finder separately from the 313 Castleford Road WF6 2HL store; different postcode and phone. Flag for dedupe check on merge.,WY-0114
Phone (landline),Medium,Manchester Superstore (Wakefield),Independent Supermarket,Wakefield,WF1 4NL,,,01924 369105,,,https://manchestersuperstores.co.uk/store-locations/manchester-super-stores-in-wakefield/,Medium,"Wakefield branch of the award-winning Manchester Super Stores group (BBC Food & Farming Awards, Asian Food & Restaurant Awards). Own dedicated store page on group website. Full Companies House record ",WY-0017
Phone (landline),Medium,Mister Motivaper,Vape Shop,Pontefract,,,,01274 987430,,,,Low,"Next door to Vaperites on Horse Fair. Listed phone is a Bradford (01274) number, suggesting possible link to a Bradford-based operator - unconfirmed.",WY-0121
Phone (landline),Medium,Mullaco Supermarket (Dewsbury),Independent Supermarket,Dewsbury,WF12 0AA,,,01924 465909,,,https://mullaco.co.uk/,Medium,"Family-run world foods group with stores in Dewsbury, Batley and a Dewsbury minimarket; head office listed as 7 Wellington Street, Batley WF17 5BH (ZoomInfo). Own website mullaco.co.uk could not be fe",WY-0021
Phone (landline),Medium,Nisa Local Knottingley,Convenience Store,Knottingley,WF11 0QH,,,01977 607202,,,https://www.nisalocally.co.uk/stores/west-yorkshire/knottingley,Medium,Independently owned Nisa symbol store; also appears on the official Nisa Locally store finder for Knottingley.,WY-0125
Phone (landline),Medium,Notay Convenience Store (Premier),Convenience Store,Batley,WF17 8JD,,,01924 471483,,,https://www.premier-stores.co.uk/our-stores/notay-convenience-store,Medium,Independently owned store trading under the Premier fascia; listed on the official Premier Stores locator.,WY-0127
Phone (landline),Medium,Pakeezah Superstore,Independent Supermarket,Bradford,BD3 9UD,,,01274 739500,,,https://www.pakeezah.com/,Medium,"Well-known Bradford Asian superstore, open daily 9am-9pm. Address and phone consistent across Thomson Local, Yelp and Hotfrog.",WY-0130
Phone (landline),Medium,Parfetts Cash & Carry (Halifax),Cash & Carry,Halifax,HX3 6RA,,,01422 363167,,,https://www.parfetts.co.uk/,Medium,"West Yorkshire (Calderdale) depot of A G Parfett & Sons Ltd (Parfetts), the employee-owned regional wholesaler headquartered in Stockport with multiple depots across the North of England - only the Ha",WY-0005
Phone (landline),Medium,Phoenix Filling Station,Petrol Station / Forecourt,Bradford,BD7 1JT,,,01274 721896,,,,Medium,Independently owned limited company operating a BP-branded 24/7 forecourt with well-stocked shop near the university quarter.,WY-0132
Phone (landline),Medium,SaveCo Cash & Carry Bradford,Cash & Carry,Bradford,BD3 8HE,,,01274 665555,,,https://savecobradford.co.uk/,Medium,"Award-winning halal supermarket / cash & carry. HMC lists operator as 'The Meat Company Bradford Ltd t/a SaveCo Cash & Carry'; a local directory also lists 'SaveCo Cash & Carry Ltd' at this address, a",WY-0143
Phone (landline),Medium,Shans Supermarket,Independent Supermarket,Keighley,,,,01535 667889,,,,Medium,"Described as Keighley's first multicultural halal supermarket, town-centre location on Alice Street.",WY-0145
Phone (landline),Medium,Smoke-King Tobacconist,Tobacco Specialist,Otley,LS21 3EE,,,0113 217 7723,,,https://www.smoke-king.co.uk/,Medium,Founded 1989 as Greens of Leeds on The Headrow; now trades from a showroom at Otley Mills (inside Barber & Bennett) plus a large online store. Showroom open Tue-Sat 11:00-15:00.,WY-0148
Phone (landline),Medium,Somers of Keighley,Tobacco Specialist,Keighley,BD21 3PB,,,01535 604678,,,,Medium,"Long-standing specialist tobacconist in Keighley town centre; address and phone consistent across Yelp, Cylex and Citikey listings.",WY-0150
Phone (landline),Medium,Suki's Cash & Carry,Cash & Carry,Bradford,BD3 9HN,,,01274 736093,,,https://sukiscashandcarry.co.uk/,Medium,Self-described 'Bradford's No.1 household goods cash & carry'. Sister site sukisfireworks.co.uk. Postcode BD3 9HN from official-site snippet; one directory shows BD3 9HB.,WY-0156
Phone (landline),Medium,The Vape Hub,Vape Shop,Bradford,BD6 3PB,,,01274 785496,,,,Medium,South Bradford (Buttershaw/Queensbury side). Address and phone consistent across Cylex and Yell listings.,WY-0161
Phone (landline),Medium,Totally Wicked,Vape Shop,Brighouse,HD6 1JR,,,01484 769431,,,,Medium,Some Totally Wicked branded stores are franchised; ownership of this branch not established.,WY-0032
Phone (landline),Medium,VAPE (Heckmondwike),Vape Shop,Heckmondwike,WF16 0JG,,,01924 650140,,,,Medium,Trades simply as 'VAPE' on Market Street; listed on eCig Directory UK and The UK High Street with matching address and phone.,WY-0171
Phone (landline),Medium,Vape Road,Vape Shop,Brighouse,HD6 1AQ,,,01484 917785,,,,Medium,Well-reviewed for customer service and product range per Cylex AI review summary.,WY-0175
Phone (landline),Medium,Vape Suite,Vape Shop,Huddersfield,HD1 2QD,,,01484 312366,,,,Medium,"Well-reviewed town-centre vape shop. Companies House match VAPE SUITE (HUDDERSFIELD) LTD found in search results; company page not opened, so status/incorporation not recorded.",WY-0177
Phone (landline),Medium,Vapestation,Vape Shop,Halifax,HX1 1QE,,,01422 365557,,,,Medium,"Nextdoor page is titled 'Vapestation Inc Limited', suggesting the legal name, but this was not verified at Companies House (site fetch blocked).",WY-0181
Phone (landline),Medium,White Rose Catering,Cash & Carry,Dewsbury,WF13 3QU,,,01924 467054,,,,Medium,,WY-0188
Phone (landline),Medium,Worldwide Foods Bradford (Great Horton Road),Independent Supermarket,Bradford,BD7 4ED,,,01274 572661,,,https://worldwidefoods.co.uk/,Medium,Second Bradford store of the Worldwide Foods group. Two phone numbers seen in listings: 01274 572661 and 01274 572673.,WY-0044
Phone (landline),Medium,Worldwide Foods Bradford (Leeds Road),Independent Supermarket,Bradford,BD3 7NH,,,01274 656638,,,https://worldwidefoods.co.uk/,Medium,"Family-owned group (Alam brothers: Pervez, Arshad, Shahid, Zahid, Asif, Kashif) described as the UK's leading halal supermarket chain, outlets across the North and Midlands. Bradford Leeds Road store ",WY-0045
Phone (landline),Medium,Zesty Vape,Vape Shop,Brighouse,HD6 1AQ,,,01484 722183,,,,Medium,,WY-0191
Phone (landline),Low,Anwarsons Newsagency,Newsagent,Brighouse,HD6 1JR,,,01484 717622,,,,Medium,Also listed as 'Anwarsons Quality Tobacconists' (MisterWhat) - dual newsagent/tobacconist offer.,WY-0050
Phone (landline),Low,Asia Foods,Independent Supermarket,Huddersfield,HD1 3SG,,,01484 514828,,,,Medium,,WY-0052
Phone (landline),Low,Brooks News,Newsagent,Pudsey,LS28 7LD,,,0113 257 3382,,,,Medium,,WY-0070
Phone (landline),Low,Carlton Self Service,Newsagent,Pontefract,WF8 2SE,,,01977 780317,,,,Medium,,WY-0072
Phone (landline),Low,Castleford Road Off Licence,Off-Licence,Normanton,WF6 2EU,,,01924 223984,,,,Medium,Trades as a limited company per 192.com listing ('Castleford Road Off Licence Limited'); Companies House record not yet verified.,WY-0074
Phone (landline),Low,Charlesworths,Newsagent,Holmfirth,HD9 7DF,,,01484 681111,,,,Medium,"Newsagent trading on this site since 1891 per Holmfirth Local History Group. A 'CHARLESWORTHS (YORKSHIRE) LIMITED' exists at Companies House but was not confirmed as the same business, so not recorded",WY-0075
Phone (landline),Low,Dhillon's Newsagents,Newsagent,Leeds,LS13 2JJ,,,0113 257 8085,,,,Medium,,WY-0080
Phone (landline),Low,KV Convenience & Off Licence,Convenience Store,Huddersfield,HD3 4HZ,,,01484 644192,,,,Medium,Granted a 24-hour alcohol licence in May 2024; sells via Snappy Shopper and Uber Eats for local delivery.,WY-0101
Phone (landline),Low,Kash News & Gifts,Newsagent,Brighouse,HD6 1AF,,,01484 400405,,,,Medium,Open 07:00-17:30 per directory listing.,WY-0103
Phone (landline),Low,Khadim Supersave,Independent Supermarket,Huddersfield,HD1 5HU,,,01484 360513,,,,Medium,,WY-0106
Phone (landline),Low,Matharu Newsagents,Newsagent,Leeds,LS6 4ER,,,0113 275 1851,,,,Medium,,WY-0119
Phone (landline),Low,Meltham Convenience Store,Convenience Store,Meltham,HD9 4EJ,,,01484 618211,,,,Medium,Listed under Off Licences on Yell and as a convenience store on Gazette Live directory with matching address and phone.,WY-0120
Phone (landline),Low,Mount Pellon Newsagent,Newsagent,Halifax,HX2 0HA,,,01422 361609,,,,Medium,,WY-0122
Phone (landline),Low,Select Newsagent,Newsagent,Mirfield,WF14 0AB,,,01924 695779,,,,Medium,,WY-0144
Phone (landline),Low,Springfield Garage (Keighley),Petrol Station / Forecourt,Keighley,BD21 1QQ,,,01535 604629,,,,Medium,"Long-established family limited company (very old CH number 00871540, 1960s incorporation) running a Gulf-branded forecourt on Oakworth Road. Open 6am-10pm daily per directory listing.",WY-0152
Phone (landline),Low,Thornhill Convenience Store,Convenience Store,Dewsbury,WF12 9DZ,,,01924 462478,,,,Medium,,WY-0164
Phone (landline),Low,Todmorden Newscentre,Newsagent,Todmorden,OL14 5AQ,,,01706 819889,,,,Medium,"SIC: retail sale in non-specialised stores with food, beverages or tobacco predominating. Micro company. Registered office address uses the historic 'Lancashire' postal county; the town is in Calderda",WY-0165
Phone (landline),Low,Vaporized Meanwood,Vape Shop,Leeds,LS6 4HY,,,0113 274 8997,,,,Low,Directory sources conflict on address: 16 Stonegate Road LS6 4HY (ecigdirectory) vs 591 Meanwood Road LS6 4AY (yellowpages.net). Needs on-the-ground verification.,WY-0183
